id_colaborador,nome,genero,nivel,data_admissao,data_promocao,salario_base,percentual_bonus,id_departamento,id_filial,id_reporta_a,processos_actifs,horas_extras_mes,score_satisfacao,home_office,status_atual
1,Isabela Carvalho 1,Não-binário,Júnior,07/09/2024,,"R$ 3834,82",0,10,1,501,14,8,,False,Ativo
2,Samuel Teixeira 2,Não-binário,Pleno,2022-05-09,,7267.8,15,10,2,300,16,8,4.9,True,Desligado
3,Diego Santos 3,Masculino,Júnior,2025-01-02,,4771.24,1,10,1,501,29,11,4.7,True,Ativo
4,Carla Oliveira 4,Não-binário,Pleno,2020-04-03,,7819.21,14,30,2,300,32,13,3.5,False,Desligado
5,Carla Oliveira 5,Não-binário,Júnior,2025-09-15,,4452.47,5,20,3,300,46,42,2.2,False,Desligado
6,Gabriela Almeida 6,Feminino,Júnior,2025-08-03,,4814.55,4,40,3,501,16,9,4.5,True,Ativo
7,Mariana Rocha 7,Não-binário,Júnior,2025-01-05,,3828.98,10,30,4,400,17,15,4.3,True,Ativo
8,Isabela Carvalho 8,Não-binário,Pleno,07/02/2023,,5534.44,20,40,4,400,15,11,4.0,True,Desligado
9,Felipe Costa 9,Não-binário,Pleno,2022-11-05,2023-12-29,6395.33,12,10,3,400,28,2,4.3,True,Ativo
10,João Lima 10,Masculino,Pleno,2021-05-05,,8134.03,18,10,1,200,16,17,4.9,False,Desligado
11,Samuel Teixeira 11,Feminino,Júnior,2025-12-07,,3801.73,3,30,4,501,19,4,3.8,False,Ativo
12,Carla Oliveira 12,Feminino,Pleno,2023-12-20,2025-11-07,"R$ 5702,2",14,20,2,502,60,41,1.8,False,Ativo
13,Natan Alves 13,Masculino,Júnior,2024-07-13,,3641.49,6,40,2,100,35,12,4.6,True,Ativo
14,Samuel Teixeira 14,Feminino,Sênior,2019-07-08,2023-07-07,10624.13,23,20,2,200,62,35,2.4,False,Desligado
15,Pedro Gomes 15,Masculino,Pleno,13/03/2021,2022-10-04,5993.91,16,20,4,200,66,57,1.7,False,Ativo
16,Tatiana Mendes 16,Fem,Júnior,2025-07-09,,3591.44,8,30,2,100,14,7,3.3,True,Ativo
17,Tatiana Mendes 17,Feminino,Júnior,2024-09-09,,4368.38,3,20,4,300,66,57,1.4,False,Ativo
18,João Lima 18,Não-binário,Júnior,2025-04-13,,3974.27,8,40,2,300,18,18,3.7,False,Ativo
19,João Lima 19,Masculino,Pleno,2020-11-19,,7129.65,20,10,2,200,21,5,4.9,False,Desligado
20,Samuel Teixeira 20,Feminino,Júnior,2024-06-08,,3908.52,7,30,1,400,20,3,,False,Ativo
21,Kamila Pereira 21,Feminino,Pleno,2024-04-28,,8439.39,11,30,1,300,34,6,4.2,False,Ativo
22,Bruno Souza 22,Feminino,Pleno,23/09/2021,,8299.26,20,20,4,501,66,38,1.5,True,Desligado
23,Felipe Costa 23,Feminino,Júnior,2024-06-30,,"R$ 4822,12",2,40,2,100,34,5,3.9,True,Ativo
24,Olivia Barbosa 24,Feminino,Júnior,2024-12-24,,3957.79,4,40,2,501,14,10,3.8,True,Ativo
25,Diego Santos 25,Feminino,Júnior,2024-09-24,,3767.85,6,40,3,501,31,18,3.4,False,Ativo
26,Natan Alves 26,Feminino,Júnior,2024-01-02,,4279.88,1,20,3,502,66,45,1.9,False,Ativo
27,João Lima 27,Não-binário,Júnior,2025-11-13,,4112.59,2,10,3,501,31,20,3.7,False,Ativo
28,Gabriela Almeida 28,Masculino,Júnior,2025-03-16,,4678.64,10,10,3,502,14,11,4.1,False,Ativo
29,João Lima 29,Feminino,Pleno,05/04/2021,2022-07-15,5638.64,16,30,1,400,30,8,4.5,True,Ativo
30,Elena Rodrigues 30,Feminino,Pleno,2023-09-05,,8177.98,12,40,4,100,26,3,4.2,False,Ativo
31,Renata Pinto 31,Masculino,Sênior,2020-02-19,2025-02-17,12256.94,33,40,2,200,17,17,4.0,True,Ativo
32,Hugo Ribeiro 32,Não-binário,Júnior,2024-10-08,,4159.81,2,30,4,502,19,14,4.4,False,Ativo
33,Natan Alves 33,Masculino,Pleno,2021-11-08,2023-08-12,5686.8,19,20,1,300,60,35,2.3,True,Ativo
34,Samuel Teixeira 34,Não-binário,Júnior,2025-09-09,,"R$ 4846,72",10,40,4,200,24,7,4.7,True,Ativo
35,Tatiana Mendes 35,Não-binário,Pleno,2023-09-19,,7428.25,16,10,4,400,18,16,3.8,False,Ativo
36,Carla Oliveira 36,Masculino,Pleno,21/08/2022,2023-08-30,5656.26,10,30,4,200,18,2,4.3,False,Ativo
37,Diego Santos 37,Não-binário,Pleno,2023-03-01,,6895.1,12,20,4,300,48,53,1.0,False,Desligado
38,Gabriela Almeida 38,Não-binário,Júnior,2024-03-18,,4388.15,0,40,4,300,23,19,4.0,False,Ativo
39,Natan Alves 39,Feminino,Júnior,2025-05-16,,3658.31,8,10,3,501,32,10,,True,Ativo
40,Tatiana Mendes 40,Masculino,Júnior,2024-10-01,,3983.46,9,40,4,400,31,14,3.8,True,Ativo
41,Gabriela Almeida 41,Masculino,Sênior,2018-12-28,2023-12-27,12655.33,26,30,2,200,35,15,4.1,False,Ativo
42,Ana Silva 42,Masculino,Sócio,2013-01-16,2019-01-30,22652.44,50,40,4,,22,13,4.5,True,Ativo
43,Hugo Ribeiro 43,Masculino,Pleno,2025-05-10,2024-01-15,6446.64,13,30,3,501,20,20,5.0,True,Desligado
44,João Lima 44,Feminino,Júnior,2024-08-20,,4041.32,4,30,1,400,34,6,4.3,True,Ativo
45,João Lima 45,Não-binário,Júnior,2025-04-25,,"R$ 4218,07",6,10,1,502,27,4,4.2,False,Ativo
46,Tatiana Mendes 46,Fem,Pleno,2021-09-14,,6244.57,18,10,2,501,26,16,3.7,False,Desligado
47,Vitor Xavier 47,Não-binário,Pleno,2020-05-03,2022-03-11,5797.7,12,40,3,100,17,19,3.3,False,Ativo
48,Vitor Xavier 48,Não-binário,Pleno,2022-08-20,,6194.43,20,40,4,200,20,22,4.3,False,Desligado
49,Hugo Ribeiro 49,Não-binário,Júnior,2025-10-25,,3723.48,1,40,1,300,26,11,4.5,True,Ativo
50,Vitor Xavier 50,Feminino,Júnior,10/02/2024,,4834.13,4,40,4,200,30,3,4.6,False,Ativo
51,Felipe Costa 51,Masculino,Sênior,2020-04-13,2026-04-12,9910.59,30,40,4,400,17,12,3.9,True,Desligado
52,Bruno Souza 52,Não-binário,Júnior,2025-04-10,,3632.09,8,30,4,501,26,15,3.3,False,Ativo
53,Olivia Barbosa 53,Não-binário,Júnior,2024-02-22,,3805.34,10,30,4,300,31,9,4.5,True,Ativo
54,Hugo Ribeiro 54,Feminino,Júnior,2024-04-26,,4192.17,7,10,4,200,27,9,4.0,False,Ativo
55,Renata Pinto 55,Não-binário,Júnior,2024-05-19,,4796.04,4,40,2,501,35,11,4.7,False,Ativo
56,Samuel Teixeira 56,Masculino,Sênior,2019-09-19,2024-09-17,"R$ 11197,45",27,40,2,502,19,15,3.3,False,Ativo
57,Elena Rodrigues 57,Masculino,Sócio,21/07/2017,2020-05-23,18802.92,49,40,4,,12,6,3.9,True,Ativo
58,Isabela Carvalho 58,Masculino,Pleno,2021-11-24,2023-10-09,7449.51,15,20,1,100,67,50,,True,Ativo
59,João Lima 59,Não-binário,Júnior,2024-08-20,,4620.15,4,10,2,100,12,3,3.8,False,Ativo
60,Natan Alves 60,Masculino,Pleno,2020-10-25,2022-02-27,7197.78,19,30,3,200,19,17,4.8,True,Ativo
61,Isabela Carvalho 61,Não-binário,Sênior,2019-07-31,2024-07-29,11593.64,25,20,4,400,56,53,1.4,True,Ativo
62,Gabriela Almeida 62,Masculino,Pleno,2022-02-26,,5819.96,10,30,4,502,24,10,3.2,True,Desligado
63,Hugo Ribeiro 63,Masculino,Sênior,2020-05-28,2025-05-27,10627.82,23,10,4,100,13,11,4.6,True,Ativo
64,João Lima 64,Feminino,Pleno,31/10/2021,31/05/2023,5896.48,12,30,2,300,27,11,4.5,False,Ativo
65,Elena Rodrigues 65,Feminino,Pleno,2024-03-24,,8080.42,11,10,4,400,12,10,4.2,True,Ativo
66,Mariana Rocha 66,Não-binário,Pleno,2023-07-31,2025-02-05,6201.47,19,30,3,400,32,4,4.3,True,Ativo
67,Elena Rodrigues 67,Feminino,Júnior,2024-02-16,,"R$ 4919,39",7,30,4,502,23,19,4.0,False,Ativo
68,Diego Santos 68,Não-binário,Pleno,2022-09-29,2024-08-09,8354.56,13,20,4,502,48,56,1.5,False,Ativo
69,Isabela Carvalho 69,Masculino,Júnior,2024-07-13,,4952.31,5,30,1,200,19,6,4.6,False,Ativo
70,Gabriela Almeida 70,Não-binário,Júnior,2024-08-26,,3992.84,4,10,2,100,17,5,4.4,False,Ativo
71,Hugo Ribeiro 71,Masculino,Pleno,20/04/2023,,6022.74,11,20,1,100,59,46,1.7,True,Desligado
72,Bruno Souza 72,Não-binário,Júnior,2025-11-05,,4282.18,10,40,2,400,15,17,4.5,True,Ativo
73,Vitor Xavier 73,Masculino,Sócio,2013-08-30,07/10/2016,23697.22,47,10,1,,31,15,3.4,False,Ativo
74,Olivia Barbosa 74,Masculino,Júnior,2024-08-21,,4120.72,10,10,2,502,20,13,4.9,False,Ativo
75,Carla Oliveira 75,Feminino,Pleno,2020-07-09,,7733.77,20,40,1,400,25,13,4.8,False,Desligado
76,João Lima 76,Não-binário,Júnior,2024-12-26,,3655.4,5,10,3,400,15,10,4.2,True,Ativo
77,Felipe Costa 77,Feminino,Sênior,2018-07-14,2023-07-13,10316.33,22,10,3,200,12,4,,False,Desligado
78,Kamila Pereira 78,Masculino,Pleno,18/11/2020,2022-05-26,"R$ 6473,15",12,40,4,502,13,4,3.7,False,Ativo
79,Olivia Barbosa 79,Não-binário,Sênior,2019-04-29,2024-04-27,11053.28,35,40,4,501,21,3,3.6,False,Desligado
80,João Lima 80,Feminino,Pleno,2021-03-08,2022-05-17,6368.34,12,10,1,502,29,9,4.1,True,Ativo
81,Bruno Souza 81,Masculino,Sócio,2016-11-21,2019-09-06,21434.27,47,30,1,,24,2,4.9,False,Ativo
82,Lucas Martins 82,Não-binário,Júnior,2024-03-31,,4155.07,5,20,4,100,52,45,2.1,False,Ativo
83,Lucas Martins 83,Masculino,Júnior,2025-10-22,,4722.56,1,10,2,501,17,22,4.1,True,Ativo
84,Kamila Pereira 84,Não-binário,Pleno,2020-11-05,,6906.76,15,40,3,100,14,11,4.0,False,Desligado
85,Carla Oliveira 85,Masculino,Júnior,22/10/2025,,4796.38,9,10,3,400,32,8,3.8,False,Ativo
86,Diego Santos 86,Masculino,Júnior,2024-12-17,,4973.58,8,20,1,300,64,40,1.5,False,Ativo
87,Vitor Xavier 87,Masculino,Sênior,2017-04-18,2022-04-17,12552.71,24,40,4,300,30,6,4.9,False,Ativo
88,Carla Oliveira 88,Não-binário,Pleno,2021-09-26,2023-07-09,7874.99,20,40,2,300,25,18,3.9,True,Ativo
89,Kamila Pereira 89,Feminino,Júnior,2025-05-12,,"R$ 3788,01",5,30,2,200,31,6,4.3,True,Ativo
90,Vitor Xavier 90,Não-binário,Sênior,2021-07-15,2025-07-14,11139.35,29,20,2,400,62,42,1.4,False,Ativo
91,Tatiana Mendes 91,Não-binário,Pleno,2022-06-21,,6345.32,19,20,3,300,53,36,1.9,False,Desligado
92,Carla Oliveira 92,Masculino,Pleno,11/04/2024,,6847.96,17,10,1,501,12,15,3.3,True,Ativo
93,Carla Oliveira 93,Masculino,Sênior,2019-02-07,2023-02-06,13276.29,24,30,2,400,27,6,4.6,True,Ativo
94,Ana Silva 94,Feminino,Pleno,2021-06-08,2022-09-26,7146.41,13,40,1,502,15,3,3.6,False,Ativo
95,Pedro Gomes 95,Feminino,Sênior,2020-05-07,2023-05-07,12733.45,31,40,1,100,25,7,4.4,True,Desligado
96,Samuel Teixeira 96,Não-binário,Júnior,2025-06-03,,4679.62,4,30,1,100,35,2,,False,Ativo
97,Diego Santos 97,Não-binário,Júnior,2025-08-18,,4602.78,7,30,2,200,34,17,4.3,False,Ativo
98,João Lima 98,Feminino,Sênior,2018-02-17,2021-02-16,10920.18,35,10,4,100,32,8,3.7,True,Desligado
99,Lucas Martins 99,Feminino,Júnior,23/03/2025,,4834.23,5,30,3,502,28,10,4.6,False,Ativo
100,Vitor Xavier 100,Masculino,Pleno,2021-01-04,10/10/2022,"R$ 5807,79",12,40,1,300,23,16,3.3,False,Ativo
101,Bruno Souza 101,Não-binário,Sênior,2017-06-03,2023-06-02,12557.35,34,40,3,300,14,9,4.6,False,Ativo
102,Bruno Souza 102,Não-binário,Júnior,2025-09-11,,3730.16,5,30,4,200,24,12,4.4,False,Ativo
103,Felipe Costa 103,Não-binário,Sócio,2017-08-06,2021-10-14,20082.32,49,10,1,,34,17,3.6,True,Ativo
104,Felipe Costa 104,Masculino,Pleno,2023-12-31,,5763.37,11,20,1,200,62,44,2.2,False,Ativo
105,Hugo Ribeiro 105,Não-binário,Pleno,2020-09-05,,7876.2,17,20,3,100,49,54,2.2,True,Desligado
106,Pedro Gomes 106,Não-binário,Júnior,22/06/2025,,4116.19,7,30,4,501,33,18,3.8,False,Ativo
107,Renata Pinto 107,Masculino,Sênior,2021-11-14,2024-11-13,10868.56,31,20,2,501,47,43,1.3,False,Desligado
108,João Lima 108,Não-binário,Júnior,2025-09-21,,4300.22,9,30,2,501,35,21,3.8,False,Ativo
109,Bruno Souza 109,Feminino,Pleno,2023-08-06,,6293.97,17,10,1,300,29,11,4.4,False,Ativo
110,Mariana Rocha 110,Não-binário,Pleno,2021-09-01,,7565.84,15,40,2,300,16,12,4.8,True,Desligado
111,Lucas Martins 111,Feminino,Júnior,2025-06-11,,"R$ 4342,48",0,30,4,400,21,14,4.8,True,Ativo
112,Tatiana Mendes 112,Masculino,Pleno,2024-01-16,2025-06-24,5978.03,10,20,2,200,57,51,1.6,False,Ativo
113,Bruno Souza 113,Feminino,Pleno,30/07/2021,2023-04-09,8028.55,16,20,3,400,53,58,1.5,False,Ativo
114,Bruno Souza 114,Masculino,Júnior,2025-08-06,,4342.73,10,30,1,100,31,5,3.4,True,Ativo
115,Samuel Teixeira 115,Masculino,Sênior,2019-01-19,2023-01-18,11750.35,30,40,3,501,26,6,,True,Ativo
116,Kamila Pereira 116,Não-binário,Pleno,2020-11-28,,7349.5,19,20,3,502,60,35,1.5,True,Desligado
117,João Lima 117,Não-binário,Pleno,2024-01-25,2026-01-11,7290.73,10,10,4,502,27,7,4.1,True,Ativo
118,Hugo Ribeiro 118,Não-binário,Pleno,2020-03-05,,7601.56,16,40,2,400,25,18,4.6,False,Desligado
119,Gabriela Almeida 119,Não-binário,Pleno,2023-02-22,,7486.68,18,10,2,502,29,13,4.4,False,Desligado
120,Hugo Ribeiro 120,Feminino,Júnior,12/10/2024,,4337.13,5,30,4,502,27,13,4.2,False,Ativo
121,Tatiana Mendes 121,Fem,Júnior,2025-11-23,,4314.79,4,30,3,400,34,4,3.8,False,Ativo
122,Gabriela Almeida 122,Feminino,Júnior,2025-07-05,,"R$ 3906,7",0,30,4,200,33,18,3.6,True,Ativo
123,Kamila Pereira 123,Masculino,Sócio,2017-04-18,2020-04-24,25823.29,40,10,1,,27,22,3.6,False,Ativo
124,Bruno Souza 124,Masculino,Sênior,2021-04-24,2024-04-23,12824.09,25,30,3,200,13,14,4.6,True,Ativo
125,João Lima 125,Feminino,Júnior,2025-08-04,,4404.17,8,30,1,100,26,10,3.5,True,Ativo
126,Olivia Barbosa 126,Não-binário,Pleno,2023-08-20,,6058.6,12,30,2,501,32,14,4.7,False,Ativo
127,Diego Santos 127,Masculino,Júnior,08/07/2024,,4972.53,4,30,1,501,22,11,4.2,False,Ativo
128,Lucas Martins 128,Não-binário,Pleno,2023-11-19,,7503.36,11,10,3,200,21,13,4.3,False,Ativo
129,Olivia Barbosa 129,Feminino,Júnior,2025-09-12,,4060.44,9,20,4,502,47,51,1.6,True,Ativo
130,Diego Santos 130,Não-binário,Pleno,2020-05-06,2022-02-10,6106.47,11,30,1,501,18,20,4.1,True,Ativo
131,Elena Rodrigues 131,Masculino,Júnior,2025-06-09,,4123.14,4,40,1,100,12,8,4.2,True,Ativo
132,Carla Oliveira 132,Não-binário,Pleno,2023-01-13,,8303.75,16,40,3,502,16,22,5.0,False,Desligado
133,Olivia Barbosa 133,Masculino,Júnior,2025-01-21,,"R$ 4063,47",2,40,3,502,29,14,4.2,False,Ativo
134,João Lima 134,Feminino,Júnior,19/04/2025,,4510.25,2,20,1,502,53,41,,False,Ativo
135,Natan Alves 135,Não-binário,Júnior,2025-09-21,,4649.08,9,10,1,100,33,3,3.6,False,Ativo
136,Samuel Teixeira 136,Fem,Pleno,2021-03-20,17/04/2022,8480.45,19,40,4,200,33,12,3.6,True,Ativo
137,Isabela Carvalho 137,Masculino,Pleno,2020-05-04,,7275.0,10,20,4,501,65,56,1.5,False,Desligado
138,Elena Rodrigues 138,Masculino,Sênior,2018-09-07,2024-09-05,10584.36,34,30,4,200,25,15,4.2,True,Ativo
139,Gabriela Almeida 139,Masculino,Sênior,2018-11-08,2021-11-07,9916.09,21,40,2,100,33,21,4.3,False,Ativo
140,Gabriela Almeida 140,Masculino,Sócio,2015-09-25,2020-03-02,25696.62,38,20,2,,67,41,1.6,False,Ativo
141,Mariana Rocha 141,Masculino,Pleno,12/08/2022,,6577.78,11,20,3,400,55,41,1.5,False,Desligado
142,Elena Rodrigues 142,Não-binário,Pleno,2020-02-03,,8304.27,15,10,2,400,24,20,4.7,True,Desligado
143,Pedro Gomes 143,Masculino,Sócio,2017-03-02,2020-05-17,22372.37,40,30,3,,14,3,4.6,False,Ativo
144,Hugo Ribeiro 144,Não-binário,Júnior,2024-03-10,,"R$ 4560,75",7,40,2,400,12,2,4.2,True,Ativo
145,Isabela Carvalho 145,Não-binário,Júnior,2025-07-02,,4966.22,8,10,1,501,16,9,3.5,True,Ativo
146,Mariana Rocha 146,Masculino,Júnior,2024-03-21,,4059.58,1,30,3,100,32,22,4.6,False,Ativo
147,Samuel Teixeira 147,Masculino,Júnior,2025-05-02,,3584.17,1,40,4,502,28,3,3.6,True,Ativo
148,Carla Oliveira 148,Feminino,Pleno,02/11/2023,2025-03-24,7190.53,13,40,3,300,16,14,4.9,False,Ativo
149,Mariana Rocha 149,Não-binário,Júnior,2025-11-24,,4844.79,1,20,2,300,58,42,2.2,False,Ativo
150,Isabela Carvalho 150,Feminino,Pleno,2024-05-23,,6971.81,20,40,3,501,33,14,3.4,False,Ativo
151,Carla Oliveira 151,Não-binário,Pleno,2020-06-17,2021-11-01,7635.03,11,30,2,300,12,11,4.0,True,Ativo
152,Felipe Costa 152,Feminino,Pleno,2022-06-01,,7164.22,19,10,2,400,22,14,3.2,False,Desligado
153,Samuel Teixeira 153,Não-binário,Júnior,2024-09-05,,4357.94,2,40,1,400,14,7,,True,Ativo
154,Lucas Martins 154,Feminino,Pleno,2021-05-30,03/10/2022,6987.41,10,30,4,300,22,21,3.9,False,Ativo
155,Vitor Xavier 155,Masculino,Sócio,11/07/2013,2019-08-19,"R$ 20513,47",47,40,3,,27,20,4.6,False,Ativo
156,Mariana Rocha 156,Masculino,Sênior,2019-01-18,2022-01-17,13987.69,20,30,4,100,26,11,4.7,True,Ativo
157,João Lima 157,Feminino,Sênior,2018-05-11,2023-05-10,13050.85,35,40,4,502,29,18,4.9,False,Ativo
158,Samuel Teixeira 158,Masculino,Pleno,2023-05-01,,5754.95,20,40,1,502,13,20,5.0,True,Desligado
159,Diego Santos 159,Masculino,Júnior,2024-01-11,,3647.91,5,40,3,501,24,16,4.6,False,Ativo
160,Pedro Gomes 160,Feminino,Júnior,2024-04-17,,3943.15,5,20,3,300,59,41,1.7,False,Ativo
161,Olivia Barbosa 161,Masculino,Sócio,2015-07-30,2018-09-09,24793.44,55,40,1,,35,9,4.1,False,Ativo
162,Natan Alves 162,Não-binário,Pleno,04/08/2022,,6715.14,10,20,3,400,51,49,1.8,True,Desligado
163,Isabela Carvalho 163,Feminino,Júnior,2025-12-21,,4713.09,3,10,2,400,26,5,3.7,False,Ativo
164,Mariana Rocha 164,Não-binário,Pleno,2023-04-17,,6555.95,20,30,4,100,22,5,3.6,False,Desligado
165,Elena Rodrigues 165,Não-binário,Júnior,2025-06-07,,4082.69,2,20,3,300,60,44,1.2,True,Desligado
166,Ana Silva 166,Masculino,Pleno,2022-09-19,,"R$ 7945,65",20,40,1,100,25,16,4.1,False,Desligado
167,Bruno Souza 167,Masculino,Pleno,2021-07-16,2022-11-08,6004.63,19,10,2,300,20,19,4.7,True,Ativo
168,Gabriela Almeida 168,Não-binário,Pleno,2022-05-20,,7990.21,14,10,4,100,14,16,4.8,True,Desligado
169,Tatiana Mendes 169,Não-binário,Júnior,06/12/2025,,4025.95,0,20,2,501,63,46,1.7,True,Desligado
170,João Lima 170,Não-binário,Pleno,2021-08-15,,8357.19,16,20,3,200,53,55,1.2,True,Desligado
171,Kamila Pereira 171,Não-binário,Júnior,2024-09-10,,4642.21,7,20,2,100,47,55,2.1,True,Desligado
172,Lucas Martins 172,Não-binário,Júnior,2025-04-10,,4925.38,10,40,3,501,34,13,,False,Ativo
173,Gabriela Almeida 173,Masculino,Sócio,2017-07-19,2021-01-13,19044.75,50,40,2,,13,5,4.3,False,Ativo
174,Felipe Costa 174,Feminino,Pleno,2022-06-22,2024-02-10,8374.1,12,40,1,100,14,22,3.8,True,Ativo
175,Mariana Rocha 175,Feminino,Pleno,2023-07-05,,7598.32,13,30,2,501,14,6,4.3,False,Ativo
176,Kamila Pereira 176,Feminino,Sênior,01/08/2021,2024-07-31,10094.79,22,40,1,200,22,13,4.8,False,Ativo
177,Elena Rodrigues 177,Não-binário,Júnior,2024-03-11,,"R$ 4295,76",9,40,2,100,33,16,4.7,False,Ativo
178,Tatiana Mendes 178,Feminino,Júnior,2025-01-28,,4027.3,8,10,2,300,31,21,4.5,True,Ativo
179,Renata Pinto 179,Feminino,Júnior,2025-09-13,,4264.28,1,10,3,100,19,17,4.3,False,Ativo
180,Elena Rodrigues 180,Masculino,Sênior,2019-03-04,2025-03-02,12932.27,20,10,3,100,12,10,3.6,False,Ativo
181,Renata Pinto 181,Não-binário,Júnior,2025-03-01,,4135.36,4,40,3,200,14,18,4.9,True,Ativo
182,Carla Oliveira 182,Não-binário,Pleno,2021-09-27,2023-09-19,8360.28,17,30,4,502,31,3,3.8,False,Ativo
183,Elena Rodrigues 183,Feminino,Júnior,19/12/2025,,3517.03,2,20,1,100,68,43,2.0,True,Desligado
184,Isabela Carvalho 184,Masculino,Sócio,2017-11-15,2020-09-12,21969.18,51,10,3,,30,7,3.9,False,Ativo
185,Diego Santos 185,Não-binário,Sócio,2014-07-24,2021-06-14,19956.41,50,30,1,,17,3,4.2,True,Ativo
186,Hugo Ribeiro 186,Masculino,Pleno,2022-05-02,,6459.81,12,40,2,100,28,3,4.9,False,Desligado
187,Kamila Pereira 187,Masculino,Pleno,2020-06-25,,5523.91,17,40,3,200,30,17,5.0,False,Desligado
188,Natan Alves 188,Feminino,Pleno,2020-02-18,,"R$ 6539,27",20,20,2,200,68,58,1.4,False,Desligado
189,Bruno Souza 189,Masculino,Júnior,2024-05-25,,4567.48,7,20,4,501,68,37,1.8,False,Ativo
190,Tatiana Mendes 190,Feminino,Sênior,08/03/2020,08/03/2023,10565.47,32,20,4,200,59,43,1.3,False,Ativo
191,Diego Santos 191,Feminino,Júnior,2024-06-17,,4174.35,7,20,1,502,53,38,,False,Ativo
192,Kamila Pereira 192,Feminino,Júnior,2024-05-31,,3636.82,0,30,1,501,24,16,4.2,False,Ativo
193,Diego Santos 193,Masculino,Júnior,2024-05-23,,3682.18,10,20,1,501,65,55,1.1,False,Desligado
194,Carla Oliveira 194,Feminino,Pleno,2021-02-08,,6830.29,10,30,1,400,13,7,4.9,True,Desligado
195,Mariana Rocha 195,Feminino,Pleno,2023-10-31,,6561.83,10,40,4,300,31,21,3.6,True,Ativo
196,Pedro Gomes 196,Não-binário,Sênior,2017-05-05,2020-05-04,10397.56,27,40,4,300,12,14,4.6,False,Ativo
197,Tatiana Mendes 197,Masculino,Sênior,26/10/2019,2024-10-24,10934.95,21,40,4,200,23,20,5.0,False,Ativo
198,Hugo Ribeiro 198,Não-binário,Sênior,2018-06-30,2021-06-29,12090.61,31,10,2,502,19,20,3.8,True,Desligado
199,Lucas Martins 199,Não-binário,Júnior,2025-08-04,,"R$ 4345,41",7,30,1,501,13,4,3.3,True,Ativo
200,Pedro Gomes 200,Não-binário,Pleno,2020-01-02,,7342.4,10,20,1,200,49,53,2.0,True,Desligado
201,Lucas Martins 201,Feminino,Pleno,2023-12-13,2025-11-16,5803.1,20,10,3,501,32,12,3.5,False,Ativo
202,Tatiana Mendes 202,Não-binário,Pleno,2020-12-25,,7701.98,19,30,2,501,17,21,3.8,False,Desligado
203,Elena Rodrigues 203,Masculino,Pleno,2021-11-09,2022-12-18,8447.14,17,20,1,100,53,41,1.3,True,Ativo
204,Ana Silva 204,Feminino,Pleno,08/04/2020,,7697.75,15,30,3,501,24,5,4.7,False,Desligado
205,Carla Oliveira 205,Masculino,Sócio,2012-05-16,2018-06-01,20734.47,47,20,2,,47,45,1.8,False,Ativo
206,Felipe Costa 206,Masculino,Sênior,2020-05-28,2026-05-27,10424.98,28,40,1,400,21,9,3.4,False,Desligado
207,Lucas Martins 207,Feminino,Júnior,2024-01-04,,4141.41,3,40,2,100,17,22,3.7,False,Ativo
208,Mariana Rocha 208,Masculino,Júnior,2025-04-27,,4233.65,5,40,1,400,17,16,3.3,False,Ativo
209,Isabela Carvalho 209,Feminino,Pleno,2023-03-01,2024-03-31,7589.41,19,40,3,501,29,3,4.7,False,Ativo
210,Hugo Ribeiro 210,Não-binário,Pleno,2022-09-02,2024-02-02,"R$ 8208,33",11,40,4,200,17,7,,True,Ativo
211,Carla Oliveira 211,Masculino,Sênior,31/10/2020,,10165.45,22,20,1,300,62,47,1.8,False,Ativo
212,Vitor Xavier 212,Não-binário,Pleno,2023-04-18,,6758.78,11,40,1,300,15,11,4.8,False,Desligado
213,Pedro Gomes 213,Masculino,Pleno,2023-03-17,,5612.4,10,40,3,400,22,9,3.3,False,Desligado
214,Kamila Pereira 214,Feminino,Júnior,2024-11-06,,3966.42,7,30,3,501,22,10,4.5,True,Ativo
215,Gabriela Almeida 215,Masculino,Sênior,2021-08-15,,13402.35,25,10,2,501,34,18,3.9,False,Ativo
216,Gabriela Almeida 216,Feminino,Júnior,2024-02-29,,3874.24,8,10,2,502,24,22,4.9,True,Ativo
217,Pedro Gomes 217,Masculino,Júnior,2025-08-31,,4169.16,1,10,2,200,21,2,3.9,True,Ativo
218,Hugo Ribeiro 218,Não-binário,Pleno,19/10/2023,2025-01-31,6728.52,12,20,2,200,50,54,2.1,False,Ativo
219,Isabela Carvalho 219,Não-binário,Sênior,2019-05-18,2025-05-16,10481.94,32,30,3,300,12,18,5.0,False,Ativo
220,Diego Santos 220,Não-binário,Pleno,2022-09-13,2023-10-15,6329.45,13,30,3,501,28,9,4.8,False,Ativo
221,Elena Rodrigues 221,Não-binário,Pleno,2024-01-17,,"R$ 6992,12",10,40,3,300,34,20,4.7,True,Ativo
222,Lucas Martins 222,Não-binário,Sênior,2019-11-05,2024-11-03,13444.23,35,20,4,200,68,52,2.1,True,Ativo
223,Lucas Martins 223,Feminino,Júnior,2024-08-16,,4616.31,1,30,1,501,27,3,4.8,False,Ativo
224,Renata Pinto 224,Feminino,Júnior,2024-05-02,,4801.25,5,10,4,400,25,20,4.8,True,Ativo
225,Felipe Costa 225,Não-binário,Pleno,14/05/2024,2025-06-24,7393.1,14,20,3,400,50,53,2.1,True,Ativo
226,Natan Alves 226,Não-binário,Júnior,2025-10-10,,4144.11,0,10,2,502,22,18,3.5,True,Ativo
227,Lucas Martins 227,Feminino,Júnior,2024-11-15,,3693.4,7,10,2,300,35,18,4.3,True,Ativo
228,Pedro Gomes 228,Masculino,Sênior,2019-01-06,2023-01-05,13154.04,24,40,2,300,30,18,3.5,True,Ativo
229,Isabela Carvalho 229,Não-binário,Sênior,2021-04-29,2024-04-28,9986.51,23,10,4,400,24,5,,False,Ativo
230,Ana Silva 230,Não-binário,Júnior,2024-11-04,,4131.31,8,20,2,100,68,54,1.2,True,Ativo
231,Vitor Xavier 231,Feminino,Júnior,2024-07-23,,4666.94,0,10,4,502,29,17,4.8,True,Ativo
232,Ana Silva 232,Feminino,Júnior,14/01/2024,,"R$ 4507,45",1,40,3,502,35,5,4.8,True,Ativo
233,Isabela Carvalho 233,Masculino,Júnior,2025-04-20,,3575.12,1,20,4,200,48,36,1.0,True,Desligado
234,Olivia Barbosa 234,Masculino,Pleno,2023-06-27,,7699.2,16,20,3,400,53,47,2.0,False,Ativo
235,Elena Rodrigues 235,Feminino,Júnior,2025-12-13,,4589.62,10,40,2,300,26,7,4.3,False,Ativo
236,Pedro Gomes 236,Masculino,Pleno,2020-08-19,2022-03-17,5690.01,20,10,2,501,28,18,4.4,False,Ativo
237,Hugo Ribeiro 237,Não-binário,Sênior,2019-09-14,2024-09-12,10168.95,21,10,4,400,17,18,4.7,True,Ativo
238,Kamila Pereira 238,Masculino,Sênior,2018-05-09,2023-05-08,10502.18,27,20,1,400,59,53,1.6,True,Ativo
239,Pedro Gomes 239,Feminino,Júnior,31/10/2025,,3526.65,8,40,3,300,18,22,4.4,True,Ativo
240,Olivia Barbosa 240,Feminino,Júnior,2024-12-05,,4340.23,10,30,1,502,19,2,3.8,False,Ativo
241,Diego Santos 241,Não-binário,Júnior,2024-02-16,,4845.32,9,30,3,400,18,8,3.4,False,Ativo
242,Kamila Pereira 242,Feminino,Pleno,2020-08-08,2022-03-08,7399.72,20,20,4,100,61,39,2.3,True,Ativo
243,Pedro Gomes 243,Não-binário,Pleno,2022-11-07,,"R$ 8230,54",16,10,4,501,31,21,4.8,False,Desligado
244,Hugo Ribeiro 244,Não-binário,Pleno,2021-07-14,02/02/2023,8411.47,18,40,4,200,34,19,4.3,False,Ativo
245,Lucas Martins 245,Não-binário,Pleno,2023-10-09,2024-12-14,7450.26,11,20,3,502,62,50,1.8,True,Ativo
246,Ana Silva 246,Masculino,Pleno,06/12/2022,2024-01-29,5935.98,20,40,3,300,16,3,4.4,True,Ativo
247,Olivia Barbosa 247,Masculino,Júnior,2024-04-14,,4424.16,8,20,1,100,67,44,2.0,True,Ativo
248,Kamila Pereira 248,Masculino,Sócio,2012-08-08,2015-06-27,24883.56,49,40,4,,23,20,,False,Ativo
249,Olivia Barbosa 249,Masculino,Sênior,2017-12-30,2020-12-29,11812.31,28,20,2,300,49,40,1.8,False,Ativo
250,Elena Rodrigues 250,Masculino,Júnior,2024-02-10,,3730.56,9,10,3,502,29,13,3.3,False,Ativo
251,Renata Pinto 251,Feminino,Pleno,2020-05-19,,5978.11,13,30,2,200,22,12,3.8,False,Desligado
252,Lucas Martins 252,Feminino,Júnior,2025-04-01,,3860.52,1,40,1,300,24,10,4.2,True,Ativo
253,Renata Pinto 253,Não-binário,Júnior,01/04/2025,,4230.21,8,10,3,200,29,2,4.3,False,Ativo
254,Gabriela Almeida 254,Feminino,Pleno,2023-01-06,2024-12-30,"R$ 7724,13",10,20,4,100,67,45,1.1,False,Ativo
255,Samuel Teixeira 255,Masculino,Pleno,2020-05-24,2022-03-14,8232.96,15,10,2,502,24,5,4.2,True,Ativo
256,Carla Oliveira 256,Não-binário,Júnior,2025-01-01,,4892.07,6,10,1,501,24,2,4.1,True,Ativo
257,Mariana Rocha 257,Não-binário,Júnior,2025-07-12,,3942.47,8,20,2,100,62,39,1.2,True,Ativo
258,Gabriela Almeida 258,Masculino,Júnior,2024-12-18,,3817.61,4,40,1,501,18,5,3.5,False,Ativo
259,Samuel Teixeira 259,Não-binário,Júnior,2024-03-15,,3935.98,2,10,4,300,33,22,3.6,False,Ativo
260,Pedro Gomes 260,Masculino,Pleno,11/07/2022,,7478.27,15,10,2,200,17,2,3.8,True,Desligado
261,Elena Rodrigues 261,Masculino,Pleno,2023-10-23,,8133.66,18,40,3,300,17,22,4.3,False,Ativo
262,Carla Oliveira 262,Masculino,Sênior,2021-01-29,29/01/2024,12342.32,32,20,2,501,46,52,1.4,True,Ativo
263,Mariana Rocha 263,Masculino,Sênior,2018-04-03,2023-04-02,9907.49,27,40,2,200,17,18,3.5,False,Desligado
264,Pedro Gomes 264,Não-binário,Pleno,2022-01-04,2023-01-24,6962.93,18,20,2,100,57,50,2.3,False,Ativo
265,Renata Pinto 265,Feminino,Júnior,2025-10-10,,"R$ 4744,47",6,10,3,100,23,20,4.4,True,Ativo
266,Renata Pinto 266,Feminino,Júnior,2025-02-19,,4029.35,2,30,4,501,26,7,3.6,False,Ativo
267,Felipe Costa 267,Feminino,Júnior,10/06/2024,,4043.33,10,30,2,200,27,17,,True,Ativo
268,Bruno Souza 268,Feminino,Pleno,2020-09-18,2022-07-08,5904.17,12,40,1,501,17,18,4.9,False,Ativo
269,Gabriela Almeida 269,Feminino,Júnior,2025-04-04,,4409.79,2,10,3,502,31,18,3.7,False,Ativo
270,Tatiana Mendes 270,Não-binário,Pleno,2020-05-20,2021-09-14,5896.64,12,30,4,501,15,7,4.1,True,Ativo
271,Pedro Gomes 271,Fem,Júnior,2025-11-06,,3695.49,6,10,1,400,23,3,4.5,True,Ativo
272,Lucas Martins 272,Masculino,Sócio,2013-02-04,2020-08-08,24872.43,44,20,4,,45,57,2.0,True,Ativo
273,Ana Silva 273,Não-binário,Pleno,2022-02-07,2024-01-08,7912.86,14,10,1,300,25,20,3.9,False,Ativo
274,Samuel Teixeira 274,Masculino,Sênior,25/05/2021,,11676.92,31,40,2,400,33,5,4.5,False,Ativo
275,Renata Pinto 275,Feminino,Júnior,2025-02-14,,4679.12,10,20,1,400,45,37,2.2,False,Ativo
276,Isabela Carvalho 276,Feminino,Pleno,2021-03-30,,"R$ 7327,09",19,40,1,100,17,22,4.1,True,Desligado
277,Bruno Souza 277,Feminino,Pleno,2024-05-24,,7047.44,13,20,3,300,45,40,1.1,True,Ativo
278,Mariana Rocha 278,Não-binário,Júnior,2025-02-19,,4379.12,9,40,3,300,23,13,4.9,False,Ativo
279,Mariana Rocha 279,Masculino,Pleno,2023-03-23,,6025.1,15,20,2,501,61,43,2.2,True,Desligado
280,Tatiana Mendes 280,Masculino,Sênior,2019-09-18,17/09/2023,11564.82,20,30,4,200,20,4,3.9,True,Ativo
281,Lucas Martins 281,Masculino,Júnior,12/06/2025,,4303.48,8,20,3,200,50,50,1.4,False,Desligado
282,Gabriela Almeida 282,Não-binário,Pleno,2022-10-18,2024-01-28,6226.17,12,30,2,502,15,4,4.4,False,Ativo
283,Bruno Souza 283,Não-binário,Júnior,2025-05-08,,4056.79,2,40,1,501,28,10,3.9,False,Ativo
284,Natan Alves 284,Não-binário,Júnior,2025-05-04,,4909.48,8,20,1,100,59,45,2.0,False,Ativo
285,Diego Santos 285,Não-binário,Júnior,2024-11-29,,4042.4,5,20,4,200,56,40,1.7,False,Desligado
286,Mariana Rocha 286,Masculino,Júnior,2024-10-13,,4176.09,8,40,3,502,25,14,,False,Ativo
287,Felipe Costa 287,Feminino,Júnior,2025-03-07,,"R$ 4249,4",4,20,4,100,62,53,1.1,False,Desligado
288,Isabela Carvalho 288,Feminino,Pleno,02/09/2022,2024-07-20,7733.78,15,20,1,502,58,38,1.5,False,Ativo
289,Lucas Martins 289,Masculino,Pleno,2021-10-27,06/10/2023,7824.23,17,20,2,300,49,40,1.9,True,Ativo
290,Carla Oliveira 290,Feminino,Pleno,2020-11-27,,6440.45,14,40,4,400,23,20,4.1,False,Desligado
291,Ana Silva 291,Feminino,Sênior,2017-09-14,2021-09-13,12653.14,32,40,2,100,14,17,4.2,True,Ativo
292,Isabela Carvalho 292,Feminino,Júnior,2025-09-24,,3732.91,10,40,1,200,16,6,4.1,True,Ativo
293,Lucas Martins 293,Não-binário,Pleno,2021-10-28,2023-06-28,8112.69,19,10,1,501,26,22,4.5,False,Ativo
294,Pedro Gomes 294,Masculino,Sênior,2020-01-11,2024-01-10,11146.02,20,40,3,501,16,13,3.7,True,Desligado
295,João Lima 295,Masculino,Sênior,19/01/2017,2023-01-18,13085.45,33,10,4,502,24,9,3.5,False,Ativo
296,Isabela Carvalho 296,Feminino,Júnior,2024-03-22,,4133.36,8,40,4,100,20,15,3.5,True,Ativo
297,Diego Santos 297,Masculino,Sênior,2020-07-28,,12302.39,24,20,2,300,45,40,2.4,True,Ativo
298,Olivia Barbosa 298,Não-binário,Pleno,2024-01-29,,"R$ 5770,59",17,30,2,200,26,3,3.8,False,Ativo
299,Carla Oliveira 299,Masculino,Sênior,2020-01-18,2026-01-16,10625.36,23,10,3,100,26,9,4.5,True,Ativo
300,Diego Santos 300,Não-binário,Júnior,2025-06-17,,4499.01,0,20,4,300,68,52,1.7,False,Ativo
301,Lucas Martins 301,Fem,Pleno,2020-04-16,,6153.36,12,40,3,200,30,5,3.9,False,Desligado
302,Pedro Gomes 302,Não-binário,Sênior,10/11/2020,2024-11-09,10209.64,30,10,1,502,13,13,4.4,False,Ativo
303,Hugo Ribeiro 303,Masculino,Pleno,2021-10-10,,7865.69,10,10,2,100,23,6,3.7,True,Desligado
304,João Lima 304,Não-binário,Sênior,2020-01-17,2026-01-15,11064.49,25,40,4,300,16,16,3.7,False,Desligado
305,Renata Pinto 305,Feminino,Pleno,2022-02-15,,8148.8,15,30,4,200,33,19,,False,Desligado
306,João Lima 306,Não-binário,Júnior,2024-11-26,,4114.71,0,40,2,100,18,5,4.1,False,Ativo
307,Pedro Gomes 307,Não-binário,Pleno,2022-12-12,,7270.9,13,10,4,502,27,4,4.0,False,Desligado
308,Natan Alves 308,Não-binário,Sênior,2021-08-11,,12276.2,29,10,3,200,28,5,3.4,False,Desligado
309,Renata Pinto 309,Feminino,Júnior,03/11/2025,,"R$ 3873,14",9,40,2,400,23,16,4.5,False,Ativo
310,Samuel Teixeira 310,Feminino,Pleno,2022-04-02,2023-12-16,5974.53,18,10,2,400,23,15,4.6,False,Ativo
311,Samuel Teixeira 311,Não-binário,Pleno,2021-03-14,,7150.72,16,30,2,501,35,3,5.0,False,Desligado
312,Ana Silva 312,Masculino,Pleno,2021-09-07,2022-12-29,6444.71,11,10,2,300,26,13,3.5,True,Ativo
313,Isabela Carvalho 313,Feminino,Pleno,2021-09-07,2022-10-24,7207.19,12,30,2,100,34,20,4.7,True,Ativo
314,Tatiana Mendes 314,Não-binário,Júnior,2025-01-25,,3617.72,3,30,1,100,35,22,4.7,False,Ativo
315,Renata Pinto 315,Masculino,Sócio,2012-06-17,2018-10-11,19766.38,36,40,1,,30,18,3.4,True,Ativo
316,Elena Rodrigues 316,Masculino,Pleno,27/09/2020,,6927.56,16,40,3,400,25,6,4.6,False,Desligado
317,Tatiana Mendes 317,Masculino,Júnior,2024-07-19,,4341.75,10,20,4,400,63,37,1.2,True,Desligado
318,Gabriela Almeida 318,Masculino,Júnior,2024-11-24,,4016.79,2,40,3,200,26,3,4.9,False,Ativo
319,Carla Oliveira 319,Feminino,Júnior,2024-04-25,,4609.37,1,20,3,300,54,49,1.7,True,Desligado
320,Samuel Teixeira 320,Feminino,Pleno,2022-12-07,,"R$ 7146,4",19,20,2,100,61,36,1.4,True,Desligado
321,Vitor Xavier 321,Não-binário,Pleno,2021-07-09,2022-08-05,8335.53,10,30,2,400,32,14,3.6,False,Ativo
322,Vitor Xavier 322,Masculino,Júnior,2025-06-28,,3632.03,8,10,3,502,21,12,4.1,False,Ativo
323,Lucas Martins 323,Masculino,Júnior,29/12/2024,,4437.85,0,20,1,300,62,43,1.3,False,Desligado
324,Mariana Rocha 324,Feminino,Pleno,2022-12-02,2024-11-13,7376.57,14,40,2,200,22,16,,False,Ativo
325,João Lima 325,Feminino,Júnior,2025-12-06,,4557.7,1,20,2,100,62,52,2.3,True,Desligado
326,Ana Silva 326,Feminino,Júnior,2024-11-22,,4820.2,3,20,3,501,48,39,1.3,False,Ativo
327,Hugo Ribeiro 327,Não-binário,Pleno,2021-04-17,2023-04-03,5738.43,20,30,2,200,17,14,4.1,False,Ativo
328,Bruno Souza 328,Feminino,Júnior,2025-02-22,,4646.81,2,20,2,300,59,54,1.7,False,Desligado
329,Mariana Rocha 329,Masculino,Pleno,2024-05-08,,7706.0,18,40,2,100,26,16,4.7,True,Ativo
330,Bruno Souza 330,Não-binário,Júnior,25/07/2025,,4081.1,4,20,4,501,59,40,1.6,False,Desligado
331,Olivia Barbosa 331,Masculino,Pleno,2020-07-04,2022-03-17,"R$ 7836,19",16,10,2,501,26,2,3.5,False,Ativo
332,Isabela Carvalho 332,Feminino,Júnior,2024-11-27,,4537.58,7,20,4,502,65,46,1.1,True,Ativo
333,Samuel Teixeira 333,Masculino,Sênior,2019-02-19,2022-02-18,12044.71,25,40,2,300,34,3,4.0,True,Ativo
334,Felipe Costa 334,Não-binário,Júnior,2024-04-30,,4847.81,7,40,3,400,29,2,4.3,True,Ativo
335,Pedro Gomes 335,Não-binário,Pleno,2022-07-18,2024-02-12,7303.65,10,20,2,100,49,36,1.9,True,Ativo
336,Tatiana Mendes 336,Não-binário,Pleno,2023-05-20,2024-10-18,5763.11,19,20,1,501,67,57,1.8,False,Ativo
337,Tatiana Mendes 337,Não-binário,Júnior,03/01/2025,,4897.22,8,20,4,100,47,44,1.7,True,Ativo
338,Natan Alves 338,Não-binário,Pleno,2022-12-10,,6127.15,17,30,3,300,34,11,4.0,False,Desligado
339,Vitor Xavier 339,Feminino,Júnior,2025-07-30,,4244.6,3,30,3,502,12,5,3.2,False,Ativo
340,Natan Alves 340,Não-binário,Júnior,2025-02-27,,3568.24,4,10,2,501,14,11,3.7,True,Ativo
341,Kamila Pereira 341,Feminino,Sênior,2018-12-01,2024-11-29,9631.03,30,30,1,400,27,3,4.4,True,Ativo
342,Kamila Pereira 342,Não-binário,Júnior,2025-04-18,,"R$ 4675,98",8,20,4,300,45,41,1.8,True,Ativo
343,Isabela Carvalho 343,Feminino,Pleno,2020-03-04,,6625.72,12,30,1,300,15,11,,False,Desligado
344,Carla Oliveira 344,Masculino,Sênior,15/10/2019,2023-10-14,10861.83,23,10,3,100,18,4,4.0,True,Ativo
345,Kamila Pereira 345,Feminino,Júnior,2025-05-10,,4598.66,0,40,2,501,26,14,4.5,False,Ativo
346,Bruno Souza 346,Masculino,Júnior,2025-12-04,,4772.19,9,10,1,300,21,22,4.8,False,Ativo
347,Isabela Carvalho 347,Masculino,Pleno,2022-12-26,,6823.35,10,20,2,501,62,51,1.1,False,Desligado
348,Elena Rodrigues 348,Masculino,Pleno,2023-12-13,,7222.25,10,30,3,100,12,17,4.8,False,Ativo
349,Carla Oliveira 349,Feminino,Júnior,2025-03-12,,4087.88,5,10,4,400,18,19,3.3,False,Ativo
350,Olivia Barbosa 350,Não-binário,Júnior,2024-04-09,,4183.38,9,20,1,502,53,46,1.5,False,Desligado
351,Pedro Gomes 351,Masculino,Pleno,02/03/2020,2021-04-04,6554.32,18,30,3,502,24,5,3.8,True,Ativo
352,Olivia Barbosa 352,Não-binário,Pleno,2022-03-31,,6215.73,11,10,3,400,18,20,4.0,True,Desligado
353,Carla Oliveira 353,Feminino,Júnior,2025-12-29,,"R$ 4361,28",2,30,2,100,21,14,3.3,False,Ativo
354,Bruno Souza 354,Masculino,Sócio,2013-01-05,2018-03-11,23089.06,35,40,3,,26,19,3.7,False,Ativo
355,Kamila Pereira 355,Feminino,Júnior,2024-11-02,,4355.41,9,40,2,400,12,21,5.0,True,Ativo
356,Lucas Martins 356,Feminino,Júnior,2025-07-16,,4951.85,3,20,3,502,58,57,1.8,True,Desligado
357,Mariana Rocha 357,Masculino,Pleno,2022-06-10,2024-03-15,6020.23,12,30,4,100,33,6,3.4,False,Ativo
358,Pedro Gomes 358,Não-binário,Pleno,09/09/2023,,8470.65,19,10,2,400,31,7,4.0,True,Ativo
359,Hugo Ribeiro 359,Masculino,Júnior,2024-07-09,,4137.16,8,40,4,100,30,13,3.3,True,Ativo
360,Tatiana Mendes 360,Feminino,Sênior,2019-09-14,2022-09-13,13926.11,34,40,3,400,28,21,3.4,False,Desligado
361,Bruno Souza 361,Não-binário,Pleno,2021-12-04,,5532.35,16,10,3,502,21,11,3.5,True,Desligado
362,Pedro Gomes 362,Feminino,Sênior,2020-03-30,2024-03-29,10812.89,29,30,3,300,16,18,,True,Ativo
363,Isabela Carvalho 363,Não-binário,Júnior,2024-10-08,,4786.79,7,30,2,502,23,7,3.7,True,Ativo
364,Renata Pinto 364,Feminino,Júnior,2024-02-03,,"R$ 4014,27",6,20,4,502,52,56,1.6,True,Desligado
365,Lucas Martins 365,Não-binário,Pleno,21/04/2020,2022-03-15,7958.59,17,20,2,400,52,47,2.0,True,Ativo
366,Renata Pinto 366,Feminino,Júnior,2025-03-21,,3517.79,8,40,3,400,32,13,4.9,True,Ativo
367,Isabela Carvalho 367,Masculino,Sênior,2021-07-02,2024-07-01,11574.99,26,30,3,100,33,7,3.8,False,Ativo
368,Natan Alves 368,Feminino,Júnior,2024-04-10,,4287.9,0,10,1,501,31,4,3.3,False,Ativo
369,Diego Santos 369,Não-binário,Sênior,2017-06-26,2021-06-25,12415.58,23,20,1,100,54,49,1.9,True,Ativo
370,Kamila Pereira 370,Masculino,Júnior,2024-09-20,,3742.95,4,40,3,200,17,16,3.3,True,Ativo
371,Pedro Gomes 371,Não-binário,Pleno,2020-08-10,2021-10-22,6793.76,11,40,2,300,14,4,4.2,False,Ativo
372,Elena Rodrigues 372,Masculino,Pleno,30/08/2023,2025-07-22,5613.51,19,40,1,400,28,17,4.1,False,Ativo
373,Mariana Rocha 373,Feminino,Júnior,2025-12-06,,4726.96,4,10,2,502,24,3,4.3,True,Ativo
374,Kamila Pereira 374,Não-binário,Pleno,2020-06-13,,7781.36,16,10,3,100,18,11,4.5,False,Desligado
375,Olivia Barbosa 375,Feminino,Júnior,2024-07-13,,"R$ 3709,91",8,30,4,400,32,11,4.1,True,Ativo
376,Bruno Souza 376,Masculino,Sênior,2018-11-23,2021-11-22,12442.32,24,10,1,400,14,3,4.5,False,Ativo
377,Bruno Souza 377,Não-binário,Júnior,2024-09-05,,4551.95,9,10,4,100,17,20,3.3,False,Ativo
378,Vitor Xavier 378,Não-binário,Júnior,2024-08-13,,3594.67,10,10,4,200,30,19,3.4,True,Ativo
379,Carla Oliveira 379,Masculino,Sócio,09/05/2013,28/02/2019,22427.26,49,10,2,,16,5,4.6,True,Ativo
380,Pedro Gomes 380,Feminino,Sênior,2017-06-15,2020-06-14,12680.34,33,40,2,501,18,6,4.4,True,Ativo
381,Felipe Costa 381,Feminino,Pleno,2023-06-04,,7288.82,15,40,4,100,12,19,,False,Ativo
382,Renata Pinto 382,Não-binário,Pleno,2021-03-25,,7379.39,20,10,3,100,27,7,3.5,False,Desligado
383,Gabriela Almeida 383,Masculino,Sênior,2019-06-10,2024-06-08,12912.84,25,10,3,200,27,18,3.4,False,Ativo
384,Gabriela Almeida 384,Masculino,Júnior,2025-11-24,,4847.56,6,40,3,400,19,4,4.0,False,Ativo
385,Gabriela Almeida 385,Feminino,Sênior,2020-06-02,2026-06-01,11559.83,28,10,4,100,16,3,4.4,False,Ativo
386,Olivia Barbosa 386,Feminino,Sênior,29/07/2019,2025-07-27,"R$ 13488,84",25,30,2,501,19,4,3.9,False,Ativo
387,Pedro Gomes 387,Não-binário,Sênior,2021-09-11,,12812.8,33,40,2,100,30,6,4.8,False,Ativo
388,Pedro Gomes 388,Feminino,Júnior,2025-05-31,,3550.43,3,40,1,502,14,19,4.6,False,Ativo
389,Lucas Martins 389,Feminino,Sênior,2018-08-29,2022-08-28,11659.02,20,40,2,300,16,14,3.5,False,Desligado
390,Carla Oliveira 390,Não-binário,Pleno,2022-02-27,,6498.72,20,40,1,100,31,12,4.5,True,Desligado
391,Mariana Rocha 391,Fem,Pleno,2022-01-18,2023-09-13,6596.71,12,30,1,400,19,19,3.4,False,Ativo
392,Lucas Martins 392,Masculino,Júnior,2024-09-30,,4255.35,8,20,2,502,48,50,2.0,True,Ativo
393,Lucas Martins 393,Não-binário,Pleno,10/10/2023,2025-09-28,8322.63,11,30,4,100,17,11,4.9,False,Ativo
394,Diego Santos 394,Masculino,Júnior,2025-12-14,,3721.93,10,10,2,400,29,6,4.1,True,Ativo
395,Gabriela Almeida 395,Masculino,Pleno,2020-05-08,,7905.97,19,40,1,400,32,22,4.6,True,Desligado
396,Tatiana Mendes 396,Masculino,Pleno,2020-09-27,,6419.49,10,40,4,200,23,11,4.0,False,Desligado
397,Felipe Costa 397,Feminino,Júnior,2025-12-26,,"R$ 4539,29",2,20,3,200,59,43,1.5,False,Ativo
398,Elena Rodrigues 398,Masculino,Júnior,2025-01-16,,4172.64,2,10,3,502,26,12,3.5,False,Ativo
399,João Lima 399,Masculino,Pleno,2024-03-24,,7221.18,11,30,3,100,13,6,4.4,False,Ativo
400,Vitor Xavier 400,Masculino,Sócio,21/06/2014,2019-09-16,19561.2,51,30,1,,12,4,,True,Ativo
401,Mariana Rocha 401,Não-binário,Pleno,2021-02-02,,7309.52,12,40,1,300,23,14,3.9,False,Desligado
402,Olivia Barbosa 402,Masculino,Pleno,2023-02-22,,7683.56,12,30,3,501,35,15,3.5,False,Desligado
403,João Lima 403,Feminino,Pleno,2022-08-30,,7075.9,11,10,2,400,25,22,4.8,False,Desligado
404,Tatiana Mendes 404,Não-binário,Pleno,2024-03-26,2025-06-04,7996.85,17,20,4,100,68,49,1.3,True,Ativo
405,Pedro Gomes 405,Masculino,Pleno,2020-09-11,2022-08-11,6363.07,10,20,3,100,53,50,2.4,True,Ativo
406,Natan Alves 406,Não-binário,Júnior,2024-09-21,,4441.99,2,30,4,400,30,3,3.5,True,Ativo
407,Bruno Souza 407,Feminino,Júnior,06/10/2024,,4041.75,3,20,3,501,65,40,2.1,False,Desligado
408,João Lima 408,Masculino,Pleno,2021-07-09,,"R$ 7565,04",12,20,3,400,54,46,2.1,True,Desligado
409,Gabriela Almeida 409,Feminino,Sênior,2017-11-13,2021-11-12,12013.95,23,30,2,100,14,5,4.7,True,Ativo
410,Lucas Martins 410,Masculino,Pleno,2020-10-11,,8169.18,14,40,3,502,35,5,3.6,False,Desligado
411,Elena Rodrigues 411,Masculino,Pleno,2021-03-05,,5735.81,17,20,2,502,46,41,1.2,True,Desligado
412,Isabela Carvalho 412,Feminino,Sócio,2012-06-26,2015-12-19,18990.35,54,10,4,,17,13,3.3,True,Ativo
413,Lucas Martins 413,Não-binário,Sênior,2018-12-23,2022-12-22,12258.3,23,20,3,300,61,41,2.0,False,Ativo
414,Diego Santos 414,Não-binário,Júnior,07/08/2024,,4880.72,1,20,1,400,50,46,2.4,True,Ativo
415,Diego Santos 415,Masculino,Júnior,2024-11-17,,3685.42,5,20,2,400,60,38,1.5,False,Ativo
416,Samuel Teixeira 416,Feminino,Júnior,2025-02-21,,3935.88,0,30,4,400,33,17,4.4,True,Ativo
417,Elena Rodrigues 417,Feminino,Sênior,2019-03-20,2025-03-18,12836.44,22,40,1,400,22,8,4.3,False,Desligado
418,Pedro Gomes 418,Masculino,Sócio,2015-02-14,2021-11-10,24407.87,47,10,2,,31,14,5.0,True,Ativo
419,Diego Santos 419,Masculino,Pleno,2020-09-07,,"R$ 6991,82",11,30,2,400,33,2,,False,Desligado
420,Vitor Xavier 420,Masculino,Júnior,2025-09-30,,3644.5,10,30,2,501,27,17,4.1,False,Ativo
421,Natan Alves 421,Fem,Júnior,01/05/2024,,4075.44,10,30,1,200,21,7,4.1,True,Ativo
422,Diego Santos 422,Masculino,Pleno,2023-03-11,,7480.24,18,30,4,400,24,10,4.1,False,Desligado
423,Bruno Souza 423,Masculino,Júnior,2024-01-29,,4385.7,5,30,3,300,24,5,4.0,False,Ativo
424,Hugo Ribeiro 424,Feminino,Júnior,2024-09-10,,3851.93,2,40,3,400,12,19,3.8,True,Ativo
425,Ana Silva 425,Masculino,Sócio,2017-04-07,2021-08-26,20579.37,38,40,4,,18,12,4.1,False,Ativo
426,João Lima 426,Não-binário,Pleno,2022-01-14,,6105.28,14,30,2,400,13,11,5.0,False,Desligado
427,Tatiana Mendes 427,Não-binário,Pleno,2020-07-13,2022-05-12,5701.81,11,20,1,400,54,51,2.1,False,Ativo
428,Mariana Rocha 428,Masculino,Pleno,29/05/2021,2023-04-13,7514.68,19,30,2,502,18,16,3.7,False,Ativo
429,Gabriela Almeida 429,Não-binário,Júnior,2025-01-08,,4193.73,1,40,1,300,32,8,4.7,True,Ativo
430,Vitor Xavier 430,Masculino,Júnior,2024-08-29,,"R$ 4108,8",8,30,2,100,25,15,4.4,False,Ativo
431,Elena Rodrigues 431,Masculino,Júnior,2024-01-30,,3887.6,0,20,2,100,47,45,1.8,False,Desligado
432,Carla Oliveira 432,Não-binário,Júnior,2025-02-10,,4914.74,10,40,3,100,30,18,3.7,False,Ativo
433,Kamila Pereira 433,Masculino,Sênior,2021-09-01,,13709.75,25,20,1,501,59,48,1.4,False,Ativo
434,Lucas Martins 434,Não-binário,Pleno,2023-12-03,2025-01-28,6771.34,17,10,4,501,21,2,4.4,False,Ativo
435,Hugo Ribeiro 435,Não-binário,Pleno,02/06/2021,,6427.81,17,10,1,300,12,14,4.9,False,Desligado
436,João Lima 436,Fem,Pleno,2021-03-06,,5980.68,10,30,1,400,14,17,4.0,False,Desligado
437,Felipe Costa 437,Feminino,Pleno,2023-12-01,,5699.1,17,30,4,502,13,22,4.4,False,Ativo
438,Mariana Rocha 438,Feminino,Pleno,2021-02-13,2022-12-31,7227.43,19,40,2,502,25,12,,False,Ativo
439,Tatiana Mendes 439,Feminino,Sênior,2021-08-21,,11365.23,27,20,3,200,62,55,1.9,False,Ativo
440,Isabela Carvalho 440,Feminino,Júnior,2025-12-19,,4777.75,2,10,4,501,30,5,3.2,True,Ativo
441,Pedro Gomes 441,Não-binário,Pleno,2020-08-30,2021-12-22,"R$ 6071,63",16,40,4,300,25,8,4.3,False,Ativo
442,Natan Alves 442,Feminino,Pleno,25/10/2020,,8428.38,19,20,4,400,65,49,1.1,True,Desligado
443,Mariana Rocha 443,Não-binário,Júnior,2025-12-04,,3818.33,0,20,3,400,46,45,2.3,False,Desligado
444,Isabela Carvalho 444,Feminino,Pleno,2022-10-30,2024-09-11,8432.57,19,30,1,300,20,7,4.1,False,Ativo
445,Kamila Pereira 445,Feminino,Pleno,2023-12-25,,5925.39,14,40,2,300,25,11,4.8,True,Ativo
446,Felipe Costa 446,Masculino,Sênior,2018-10-09,2024-10-07,13338.65,21,30,3,400,13,9,3.5,False,Ativo
447,Olivia Barbosa 447,Não-binário,Júnior,2025-03-22,,3674.04,7,30,2,100,15,6,3.4,False,Ativo
448,Felipe Costa 448,Feminino,Sênior,2021-03-16,2026-03-15,10455.78,25,20,3,300,52,50,1.9,False,Ativo
449,Diego Santos 449,Não-binário,Pleno,18/03/2022,2023-09-25,8353.66,20,10,3,501,26,22,4.9,True,Ativo
450,Vitor Xavier 450,Feminino,Pleno,2022-07-16,2023-12-29,8499.46,10,10,3,502,21,12,4.6,False,Ativo
451,Mariana Rocha 451,Fem,Júnior,2024-09-18,,3767.02,6,10,4,502,21,22,4.6,False,Ativo
452,Pedro Gomes 452,Masculino,Júnior,2025-03-18,,"R$ 4603,83",8,20,1,400,51,50,1.6,False,Desligado
453,Vitor Xavier 453,Não-binário,Sênior,2019-05-17,2022-05-16,12262.41,22,40,3,502,22,16,4.4,True,Ativo
454,Renata Pinto 454,Não-binário,Pleno,2020-06-20,2021-11-15,5737.55,13,20,4,501,58,44,1.8,True,Ativo
455,Diego Santos 455,Não-binário,Júnior,2025-06-06,,4137.37,9,10,1,502,14,18,3.2,False,Ativo
456,Mariana Rocha 456,Feminino,Pleno,02/04/2020,,8130.27,19,40,2,100,22,7,3.6,False,Desligado
457,Samuel Teixeira 457,Masculino,Júnior,2024-01-19,,3508.77,9,30,1,502,31,13,,False,Ativo
458,Elena Rodrigues 458,Feminino,Júnior,2024-05-18,,3520.81,10,40,3,502,16,22,3.6,False,Ativo
459,Olivia Barbosa 459,Masculino,Júnior,2024-05-31,,4210.98,0,20,1,300,59,53,1.3,False,Desligado
460,Ana Silva 460,Masculino,Júnior,2024-04-15,,4445.61,7,40,1,502,24,17,4.1,True,Ativo
461,Bruno Souza 461,Não-binário,Pleno,2022-12-17,,7229.21,17,40,2,300,27,21,4.9,True,Desligado
462,Felipe Costa 462,Feminino,Sênior,2018-08-13,2022-08-12,11784.36,34,40,4,502,35,14,4.9,False,Ativo
463,Vitor Xavier 463,Feminino,Sênior,01/03/2018,2023-02-28,"R$ 11673,0",35,30,4,501,27,11,3.6,False,Ativo
464,Isabela Carvalho 464,Masculino,Pleno,2022-01-01,2023-12-13,7983.85,16,10,1,200,31,9,3.4,False,Ativo
465,Lucas Martins 465,Masculino,Pleno,2024-04-24,,8133.14,10,40,3,501,26,5,5.0,True,Ativo
466,Diego Santos 466,Não-binário,Júnior,2024-06-20,,4444.89,7,10,1,300,35,5,3.5,True,Ativo
467,Gabriela Almeida 467,Feminino,Pleno,2022-06-18,2024-01-16,5519.76,11,30,2,502,23,15,3.8,False,Ativo
468,Natan Alves 468,Não-binário,Júnior,2024-08-21,,3706.99,7,20,2,501,49,35,2.0,True,Desligado
469,Kamila Pereira 469,Masculino,Sócio,2016-07-03,29/12/2021,18296.75,55,10,1,,32,18,5.0,False,Ativo
470,Samuel Teixeira 470,Não-binário,Pleno,15/09/2021,,6441.09,16,40,4,501,32,8,4.8,False,Desligado
471,Mariana Rocha 471,Não-binário,Pleno,2024-05-07,2025-08-16,5752.84,13,40,3,300,28,19,3.8,True,Ativo
472,Samuel Teixeira 472,Feminino,Sênior,2020-04-28,2025-04-27,12769.29,21,20,1,100,65,51,1.5,False,Ativo
473,Tatiana Mendes 473,Masculino,Pleno,2024-02-18,2025-02-19,8448.85,15,10,4,502,21,20,4.4,True,Ativo
474,Kamila Pereira 474,Feminino,Pleno,2022-11-23,,"R$ 7968,53",11,40,2,400,13,15,4.8,True,Desligado
475,Lucas Martins 475,Feminino,Júnior,2025-11-24,,4289.38,6,20,4,400,59,57,2.3,False,Ativo
476,Renata Pinto 476,Feminino,Júnior,2024-05-10,,4227.15,7,40,2,501,27,3,,False,Ativo
477,Natan Alves 477,Não-binário,Júnior,22/04/2024,,3681.3,4,30,1,200,21,17,3.3,False,Ativo
478,João Lima 478,Feminino,Júnior,2024-10-17,,3823.37,6,20,4,400,60,53,1.4,True,Ativo
479,Vitor Xavier 479,Masculino,Pleno,2020-09-28,,7014.29,15,30,4,200,31,21,3.9,True,Desligado
480,Bruno Souza 480,Não-binário,Pleno,2023-10-05,,7707.74,18,40,3,200,15,22,4.2,False,Ativo
481,Renata Pinto 481,Masculino,Júnior,2024-01-20,,3680.42,7,10,2,400,14,19,4.3,False,Ativo
482,Kamila Pereira 482,Feminino,Júnior,2025-03-23,,3770.76,8,10,4,300,17,11,3.5,True,Ativo
483,Natan Alves 483,Masculino,Sócio,2013-11-24,2016-12-18,18468.01,47,10,2,,25,12,3.7,True,Ativo
484,Hugo Ribeiro 484,Feminino,Júnior,03/09/2025,,4379.04,5,10,1,400,26,19,3.9,False,Ativo
485,Hugo Ribeiro 485,Não-binário,Pleno,2020-02-08,,"R$ 8390,42",14,10,4,502,25,16,3.4,True,Desligado
486,Samuel Teixeira 486,Masculino,Pleno,2020-12-10,,7112.61,10,20,2,200,64,44,1.9,True,Desligado
487,Isabela Carvalho 487,Masculino,Pleno,2023-05-09,13/09/2024,6640.46,10,10,1,300,35,19,4.2,True,Ativo
488,Diego Santos 488,Não-binário,Júnior,2024-05-23,,4587.61,5,10,4,502,32,10,5.0,True,Ativo
489,Kamila Pereira 489,Feminino,Pleno,2021-11-30,,8376.98,19,40,3,400,12,2,4.4,False,Desligado
490,Carla Oliveira 490,Não-binário,Júnior,2025-10-26,,4476.9,6,40,4,502,31,13,3.9,True,Ativo
491,Lucas Martins 491,Masculino,Júnior,16/07/2024,,4166.87,9,10,1,200,32,11,4.7,False,Ativo
492,Bruno Souza 492,Masculino,Sênior,2018-07-29,2024-07-27,10440.89,32,20,4,501,63,51,1.7,False,Ativo
493,Tatiana Mendes 493,Feminino,Júnior,2024-05-11,,4618.96,10,20,2,501,45,57,1.9,False,Desligado
494,Natan Alves 494,Feminino,Sênior,2020-08-05,2023-08-05,13299.54,34,30,4,200,28,3,4.8,False,Ativo
495,Samuel Teixeira 495,Masculino,Pleno,2022-07-08,,6675.58,16,10,3,300,19,8,,True,Desligado
496,Pedro Gomes 496,Fem,Sênior,2019-06-04,03/06/2022,"R$ 11004,36",35,10,1,200,13,12,4.1,False,Ativo
497,Olivia Barbosa 497,Feminino,Júnior,2025-08-15,,3687.24,7,10,4,400,13,11,4.3,False,Ativo
498,Bruno Souza 498,Não-binário,Pleno,19/02/2023,,8049.79,19,10,1,400,31,2,4.0,True,Desligado
499,Ana Silva 499,Masculino,Júnior,2025-04-09,,4275.82,2,40,1,400,32,18,3.7,True,Ativo
500,Hugo Ribeiro 500,Feminino,Júnior,2024-05-20,,4695.54,9,40,4,300,29,6,3.5,False,Ativo
501,Ana Silva 501,Masculino,Júnior,2025-06-14,,4379.66,5,30,3,200,18,8,4.4,False,Ativo
502,Pedro Gomes 502,Feminino,Júnior,2025-12-12,,4537.76,4,10,3,400,25,12,3.5,True,Ativo
503,Ana Silva 503,Feminino,Pleno,2023-08-01,,6190.82,13,10,4,100,17,2,3.9,False,Ativo
504,Diego Santos 504,Não-binário,Pleno,2020-10-18,,6083.21,13,30,1,300,21,7,3.6,True,Desligado
505,Hugo Ribeiro 505,Não-binário,Sócio,01/01/2014,02/11/2017,18167.95,39,20,3,,55,41,1.4,False,Ativo
506,Felipe Costa 506,Masculino,Sênior,2019-12-16,2025-12-14,10149.95,26,20,3,400,67,46,1.4,False,Ativo
507,Tatiana Mendes 507,Não-binário,Júnior,2024-07-12,,"R$ 4781,65",8,20,1,100,63,50,1.3,True,Ativo
508,Renata Pinto 508,Feminino,Júnior,2025-02-01,,4626.96,5,40,1,400,28,17,4.5,False,Ativo
509,Mariana Rocha 509,Não-binário,Pleno,2023-07-30,,7251.95,13,40,3,400,18,11,4.0,False,Ativo
510,Samuel Teixeira 510,Masculino,Pleno,2020-06-22,2021-08-29,6385.14,18,20,3,400,55,48,1.6,False,Ativo
511,Kamila Pereira 511,Masculino,Júnior,2024-10-06,,4073.56,8,40,3,300,28,19,4.4,False,Ativo
512,Carla Oliveira 512,Feminino,Pleno,07/01/2022,,6100.92,13,20,1,300,49,57,2.0,False,Desligado
513,Lucas Martins 513,Masculino,Pleno,2024-05-22,,8337.45,20,10,3,502,16,14,3.6,False,Ativo
514,Renata Pinto 514,Feminino,Júnior,2025-08-24,,4678.96,6,20,4,400,67,48,,False,Ativo
515,Tatiana Mendes 515,Feminino,Sênior,2021-11-25,2025-11-24,11749.1,30,10,3,502,25,14,4.6,False,Ativo
516,Ana Silva 516,Não-binário,Pleno,2023-03-08,,8266.43,16,30,3,200,24,4,4.2,True,Desligado
517,Tatiana Mendes 517,Masculino,Sênior,2019-07-14,2024-07-12,11988.08,35,40,1,400,18,4,4.8,True,Desligado
518,João Lima 518,Feminino,Júnior,2025-11-06,,"R$ 4286,59",2,30,2,400,15,6,4.2,False,Ativo
519,Elena Rodrigues 519,Feminino,Júnior,29/07/2024,,3964.64,3,10,4,100,28,16,3.7,False,Ativo
520,Mariana Rocha 520,Feminino,Júnior,2025-09-11,,4711.35,0,20,4,400,68,37,1.4,False,Ativo
521,Vitor Xavier 521,Masculino,Pleno,2020-12-24,,6038.73,19,30,3,200,24,3,3.6,True,Desligado
522,Carla Oliveira 522,Não-binário,Pleno,2023-11-30,2025-03-20,6733.83,11,30,3,300,22,15,4.0,True,Ativo
523,Ana Silva 523,Masculino,Sócio,2012-10-26,25/09/2020,21173.39,35,20,1,,55,56,2.0,True,Ativo
524,Carla Oliveira 524,Feminino,Pleno,2023-01-28,2024-12-29,8350.06,10,40,4,501,15,7,3.7,False,Ativo
525,Ana Silva 525,Feminino,Júnior,2025-11-24,,3909.88,0,40,2,502,32,18,4.4,False,Ativo
526,João Lima 526,Não-binário,Júnior,30/03/2025,,3578.62,3,10,4,100,14,2,4.0,True,Ativo
527,Carla Oliveira 527,Não-binário,Júnior,2024-08-13,,4938.12,8,30,2,502,15,12,3.8,True,Ativo
528,Mariana Rocha 528,Não-binário,Júnior,2025-03-14,,3681.21,6,20,2,502,51,49,1.3,False,Ativo
529,Carla Oliveira 529,Feminino,Júnior,2024-08-11,,"R$ 4116,65",1,30,3,502,31,12,5.0,True,Ativo
530,Felipe Costa 530,Masculino,Pleno,2023-07-25,,7562.88,10,40,2,502,30,16,3.9,True,Ativo
531,Ana Silva 531,Feminino,Júnior,2025-09-23,,4638.41,2,20,1,200,56,50,1.4,False,Ativo
532,Bruno Souza 532,Não-binário,Pleno,2021-05-02,,7294.23,14,40,2,400,32,3,4.1,False,Desligado
533,Kamila Pereira 533,Feminino,Pleno,02/12/2021,,7117.94,19,30,1,502,28,12,,False,Desligado
534,Carla Oliveira 534,Masculino,Júnior,2024-07-16,,3578.16,8,10,1,300,14,15,4.5,True,Ativo
535,Natan Alves 535,Feminino,Júnior,2024-06-29,,4408.78,1,20,2,400,56,47,1.5,False,Ativo
536,Vitor Xavier 536,Não-binário,Sênior,2021-02-14,,13071.01,33,40,4,502,31,19,3.5,True,Ativo
537,Olivia Barbosa 537,Masculino,Pleno,2021-09-18,,6625.44,13,20,3,501,51,35,1.0,True,Desligado
538,Natan Alves 538,Masculino,Pleno,2022-03-19,2023-09-26,6423.43,16,30,4,300,17,8,4.6,True,Ativo
539,Lucas Martins 539,Não-binário,Sócio,2012-08-24,2019-09-15,18276.06,46,30,4,,16,10,4.3,False,Ativo
540,Vitor Xavier 540,Feminino,Júnior,15/08/2025,,"R$ 4927,67",9,20,3,400,47,51,2.3,False,Desligado
541,João Lima 541,Masculino,Sócio,2017-08-12,04/11/2021,21292.87,37,20,4,,56,39,1.4,False,Ativo
542,João Lima 542,Não-binário,Júnior,2024-01-07,,4980.54,4,20,4,300,68,48,1.2,False,Desligado
543,Pedro Gomes 543,Feminino,Júnior,2024-07-05,,4253.92,3,20,2,501,53,48,1.6,True,Ativo
544,João Lima 544,Feminino,Pleno,2020-06-24,2022-01-03,5692.79,10,10,2,100,20,2,4.4,False,Ativo
545,Ana Silva 545,Não-binário,Sênior,2019-02-09,2024-02-08,11016.63,30,10,2,100,23,14,3.9,False,Ativo
546,Ana Silva 546,Feminino,Júnior,2025-04-12,,4805.81,4,30,3,501,34,9,3.9,False,Ativo
547,Gabriela Almeida 547,Não-binário,Júnior,04/01/2024,,4979.27,10,40,4,400,26,9,4.3,False,Ativo
548,Pedro Gomes 548,Masculino,Sênior,2020-09-10,2023-09-10,10377.85,21,10,3,501,14,11,4.7,False,Desligado
549,Diego Santos 549,Masculino,Pleno,2022-09-14,,6222.7,16,40,2,300,17,12,4.8,False,Desligado
550,Pedro Gomes 550,Não-binário,Pleno,2023-10-05,06/12/2024,8268.21,19,20,3,502,47,55,1.5,False,Ativo
551,Hugo Ribeiro 551,Feminino,Pleno,2021-06-14,,"R$ 5763,04",19,40,4,501,16,12,4.9,True,Desligado
552,Tatiana Mendes 552,Feminino,Pleno,2023-01-01,2024-04-07,8439.55,11,10,3,300,12,19,,False,Ativo
553,Pedro Gomes 553,Feminino,Júnior,2025-11-27,,4183.68,8,20,3,502,67,38,1.4,False,Desligado
554,João Lima 554,Masculino,Júnior,22/12/2025,,4949.74,2,40,2,502,27,14,3.7,False,Ativo
555,Mariana Rocha 555,Não-binário,Júnior,2024-12-11,,4133.66,3,20,1,200,67,52,1.6,False,Desligado
556,João Lima 556,Não-binário,Pleno,2022-07-26,,7231.47,13,30,1,502,35,22,3.2,False,Desligado
557,Natan Alves 557,Masculino,Pleno,2023-10-23,2025-01-16,5788.14,18,10,2,200,22,20,4.0,False,Ativo
558,Diego Santos 558,Feminino,Pleno,2021-05-08,,6408.07,17,40,2,400,24,10,4.3,False,Desligado
559,Diego Santos 559,Feminino,Júnior,2024-03-25,,3683.08,1,30,1,502,30,7,3.9,False,Ativo
560,Elena Rodrigues 560,Não-binário,Júnior,2024-04-11,,3987.84,8,40,3,501,29,18,4.1,False,Ativo
561,Diego Santos 561,Não-binário,Júnior,04/07/2024,,4793.01,2,10,2,100,30,8,4.4,True,Ativo
562,Diego Santos 562,Feminino,Júnior,2025-06-02,,"R$ 3947,87",0,30,1,400,28,11,4.4,True,Ativo
563,Kamila Pereira 563,Não-binário,Pleno,2022-12-06,2024-06-03,7031.77,10,20,4,200,49,44,2.2,False,Ativo
564,Lucas Martins 564,Não-binário,Júnior,2024-10-11,,3692.74,7,20,2,502,47,43,1.9,True,Ativo
565,Isabela Carvalho 565,Feminino,Júnior,2025-10-10,,4545.2,2,20,2,501,55,48,1.5,False,Desligado
566,Diego Santos 566,Masculino,Pleno,2022-12-24,,7145.11,14,20,1,400,52,43,1.0,True,Desligado
567,Diego Santos 567,Feminino,Pleno,2020-12-25,,8126.54,19,20,4,100,62,43,1.9,False,Desligado
568,Felipe Costa 568,Masculino,Júnior,19/12/2024,,4709.13,2,20,3,502,53,35,2.0,True,Ativo
569,Mariana Rocha 569,Feminino,Júnior,2025-08-04,,4603.13,2,20,2,501,59,46,2.1,False,Desligado
570,Renata Pinto 570,Masculino,Pleno,2024-01-11,,7942.07,15,30,3,200,32,4,3.3,False,Ativo
571,Bruno Souza 571,Não-binário,Pleno,2020-06-22,,7162.48,17,10,2,400,28,19,,True,Desligado
572,Ana Silva 572,Não-binário,Júnior,2026-01-01,,4137.47,7,10,2,200,17,18,4.8,True,Ativo
573,Renata Pinto 573,Feminino,Pleno,2021-12-24,,"R$ 6768,17",20,10,3,400,29,5,3.7,True,Desligado
574,Ana Silva 574,Feminino,Sênior,2021-02-20,,13699.0,34,30,3,400,13,13,3.2,False,Ativo
575,Diego Santos 575,Masculino,Pleno,11/01/2020,2021-07-08,6058.47,11,30,3,400,28,6,3.9,False,Ativo
576,Isabela Carvalho 576,Não-binário,Júnior,2024-08-19,,4206.05,7,10,2,300,33,16,3.5,True,Ativo
577,Gabriela Almeida 577,Masculino,Pleno,2020-08-14,,5620.77,20,40,1,400,27,10,3.4,False,Desligado
578,Mariana Rocha 578,Masculino,Pleno,2022-10-24,,7725.68,12,40,2,502,23,18,3.2,False,Desligado
579,Kamila Pereira 579,Não-binário,Júnior,2025-03-15,,4964.66,3,20,1,200,64,39,2.0,True,Desligado
580,Isabela Carvalho 580,Feminino,Júnior,2025-12-18,,3871.03,9,20,3,100,65,55,1.2,True,Desligado
581,Isabela Carvalho 581,Feminino,Pleno,2021-01-28,,6778.91,16,20,4,200,54,57,1.9,True,Desligado
582,Pedro Gomes 582,Masculino,Pleno,05/05/2020,2022-01-21,5654.97,13,20,3,100,46,40,1.1,False,Ativo
583,Pedro Gomes 583,Masculino,Pleno,2021-07-27,,5802.29,14,30,2,200,15,2,4.4,False,Desligado
584,Lucas Martins 584,Não-binário,Júnior,2025-08-26,,"R$ 4293,29",2,30,3,501,32,21,3.4,False,Ativo
585,Olivia Barbosa 585,Não-binário,Sênior,2017-07-22,2020-07-21,10856.64,24,20,2,300,51,48,1.8,False,Ativo
586,Diego Santos 586,Masculino,Sócio,2016-11-21,26/10/2019,24327.08,40,30,3,,13,20,3.3,True,Ativo
587,Samuel Teixeira 587,Masculino,Júnior,2025-06-09,,4957.31,4,20,4,501,51,40,1.0,False,Desligado
588,Olivia Barbosa 588,Não-binário,Pleno,2022-10-28,,7075.22,12,20,1,100,46,52,1.3,True,Desligado
589,Isabela Carvalho 589,Feminino,Júnior,22/02/2024,,4463.62,9,20,3,502,56,45,1.1,True,Desligado
590,Vitor Xavier 590,Masculino,Sênior,2018-08-27,2023-08-26,9546.84,25,30,2,502,29,20,,False,Ativo
591,Vitor Xavier 591,Não-binário,Júnior,2025-07-18,,3809.24,7,40,3,400,19,15,3.9,False,Ativo
592,Olivia Barbosa 592,Feminino,Júnior,2024-07-08,,4723.4,4,10,4,502,17,7,4.7,False,Ativo
593,Carla Oliveira 593,Feminino,Júnior,2025-03-12,,3867.88,9,20,1,100,48,47,1.5,False,Desligado
594,Hugo Ribeiro 594,Feminino,Júnior,2024-03-26,,3901.48,5,10,1,400,34,4,3.6,True,Ativo
595,Kamila Pereira 595,Masculino,Júnior,2025-05-05,,"R$ 3731,77",1,40,2,400,29,11,3.4,False,Ativo
596,Ana Silva 596,Feminino,Pleno,09/04/2021,,5942.13,17,20,1,300,48,42,1.1,True,Desligado
597,Kamila Pereira 597,Não-binário,Júnior,2024-05-01,,4040.74,8,30,1,400,22,21,3.5,False,Ativo
598,João Lima 598,Não-binário,Júnior,2024-12-22,,4813.1,2,20,3,400,65,39,1.4,True,Desligado
599,Diego Santos 599,Feminino,Pleno,2023-03-29,,7680.12,16,40,4,502,22,17,4.0,False,Desligado
600,Hugo Ribeiro 600,Feminino,Pleno,2022-02-23,,6991.31,11,40,3,502,34,15,4.1,False,Desligado
601,Lucas Martins 601,Fem,Júnior,2024-01-03,,3804.92,5,20,1,200,56,39,1.4,False,Ativo
602,Hugo Ribeiro 602,Feminino,Pleno,2020-04-24,2021-07-03,7587.34,10,40,2,501,33,20,3.3,True,Ativo
603,Lucas Martins 603,Feminino,Júnior,24/05/2024,,3618.49,2,20,1,300,68,51,2.0,True,Desligado
604,Kamila Pereira 604,Não-binário,Júnior,2025-03-30,,4672.1,2,40,4,400,28,7,3.2,True,Ativo
605,Renata Pinto 605,Não-binário,Júnior,2024-11-09,,4564.03,3,40,3,400,24,21,3.3,True,Ativo
606,Olivia Barbosa 606,Não-binário,Júnior,2025-05-03,,"R$ 3969,78",4,20,1,501,48,38,1.1,False,Ativo
607,João Lima 607,Feminino,Júnior,2024-06-15,,4312.35,3,30,1,100,32,3,3.6,False,Ativo
608,Bruno Souza 608,Feminino,Sênior,2018-10-07,2021-10-06,11104.92,26,10,4,502,35,13,5.0,False,Ativo
609,Renata Pinto 609,Masculino,Pleno,2020-07-25,2022-04-08,5950.56,14,10,3,502,16,16,,False,Ativo
610,Elena Rodrigues 610,Feminino,Sócio,21/10/2013,2021-12-11,22186.3,45,10,2,,21,13,4.3,False,Ativo
611,Mariana Rocha 611,Não-binário,Pleno,2021-05-04,,7331.16,11,40,1,100,16,11,4.2,False,Desligado
612,Kamila Pereira 612,Masculino,Júnior,2024-06-22,,4901.08,7,40,1,400,20,17,5.0,False,Ativo
613,Pedro Gomes 613,Não-binário,Sênior,2017-03-23,22/03/2022,13356.5,34,20,1,502,64,45,1.5,False,Ativo
614,Bruno Souza 614,Masculino,Júnior,2025-09-27,,4966.15,1,40,4,400,21,14,3.5,False,Ativo
615,Olivia Barbosa 615,Masculino,Júnior,2025-11-16,,3640.25,2,10,2,400,35,5,4.9,False,Ativo
616,Kamila Pereira 616,Masculino,Sênior,2017-05-13,2022-05-12,10456.86,28,40,2,200,29,6,4.9,False,Ativo
617,Bruno Souza 617,Não-binário,Pleno,16/05/2023,,"R$ 5687,2",10,20,3,300,45,56,1.6,True,Desligado
618,Carla Oliveira 618,Feminino,Júnior,2024-10-07,,4107.6,4,20,1,400,50,36,1.1,False,Ativo
619,Gabriela Almeida 619,Feminino,Sênior,2018-12-17,2024-12-15,13027.36,31,30,3,501,12,19,4.6,False,Ativo
620,Tatiana Mendes 620,Não-binário,Pleno,2023-06-16,,7492.19,12,20,1,100,49,50,2.2,True,Ativo
621,Ana Silva 621,Não-binário,Pleno,2022-07-11,2023-09-13,7416.75,18,40,3,200,31,14,3.6,False,Ativo
622,Lucas Martins 622,Masculino,Sênior,2017-02-03,02/02/2022,13404.91,34,20,1,400,56,46,2.2,True,Ativo
623,Olivia Barbosa 623,Feminino,Júnior,2025-03-14,,4059.68,4,30,1,100,34,21,4.9,True,Ativo
624,Ana Silva 624,Feminino,Júnior,23/09/2025,,4898.75,7,10,1,502,28,20,4.7,True,Ativo
625,Hugo Ribeiro 625,Feminino,Sênior,2021-05-11,,13353.54,34,30,4,300,34,14,3.2,True,Ativo
626,Isabela Carvalho 626,Masculino,Pleno,2021-09-21,,7885.41,10,20,3,501,49,46,2.2,False,Desligado
627,Tatiana Mendes 627,Feminino,Júnior,2025-03-16,,3862.75,10,30,3,300,24,7,3.9,False,Ativo
628,Diego Santos 628,Feminino,Júnior,2025-12-28,,"R$ 4701,76",2,20,4,100,55,41,,False,Desligado
629,Tatiana Mendes 629,Não-binário,Júnior,2024-06-05,,3541.73,7,40,1,200,32,22,4.6,False,Ativo
630,Gabriela Almeida 630,Masculino,Júnior,2025-07-02,,4760.69,1,20,2,501,49,55,1.0,True,Desligado
631,Vitor Xavier 631,Masculino,Sócio,17/05/2013,24/04/2017,18619.05,46,10,1,,27,2,3.9,False,Ativo
632,Natan Alves 632,Feminino,Pleno,2022-02-07,,7400.66,12,40,1,100,30,22,4.3,True,Desligado
633,Pedro Gomes 633,Masculino,Júnior,2025-09-20,,4399.99,0,10,3,200,29,2,4.1,False,Ativo
634,Gabriela Almeida 634,Feminino,Júnior,2024-01-31,,3991.31,3,20,3,502,47,46,2.0,True,Desligado
635,Pedro Gomes 635,Não-binário,Sênior,2019-06-13,2025-06-11,10390.44,32,30,4,200,30,11,3.5,False,Ativo
636,Natan Alves 636,Masculino,Júnior,2025-09-02,,4620.62,5,40,4,400,23,22,4.7,False,Ativo
637,Isabela Carvalho 637,Não-binário,Sênior,2020-04-16,2026-04-15,12402.94,32,20,1,200,50,45,1.6,False,Ativo
638,Gabriela Almeida 638,Feminino,Pleno,07/09/2023,2025-03-15,7838.54,13,30,2,501,30,12,4.8,False,Ativo
639,Vitor Xavier 639,Masculino,Pleno,2021-03-10,2022-12-04,"R$ 7182,88",20,10,4,100,22,12,3.6,True,Ativo
640,Isabela Carvalho 640,Feminino,Júnior,2025-03-07,,3678.89,0,40,4,400,32,20,5.0,True,Ativo
641,Bruno Souza 641,Masculino,Júnior,2025-06-30,,4877.05,4,30,2,501,22,13,3.9,False,Ativo
642,Bruno Souza 642,Não-binário,Pleno,2022-03-16,,8451.9,19,30,4,100,12,9,3.3,False,Desligado
643,Natan Alves 643,Masculino,Pleno,2021-04-08,,6073.48,10,20,1,300,46,38,1.1,False,Desligado
644,Vitor Xavier 644,Masculino,Júnior,2025-01-23,,3904.87,9,10,3,100,25,22,4.0,False,Ativo
645,Pedro Gomes 645,Não-binário,Júnior,14/10/2024,,3982.87,8,20,4,200,52,56,1.9,False,Desligado
646,Bruno Souza 646,Masculino,Júnior,2024-08-05,,3519.69,9,10,1,300,28,18,4.7,True,Ativo
647,Diego Santos 647,Não-binário,Pleno,2020-09-23,,6590.93,16,40,2,502,14,10,,True,Desligado
648,Olivia Barbosa 648,Feminino,Sócio,2013-03-14,2017-03-04,18228.69,51,30,1,,15,19,3.4,True,Ativo
649,Mariana Rocha 649,Feminino,Pleno,2022-10-25,,6501.22,16,40,2,501,21,8,3.9,True,Desligado
650,Natan Alves 650,Não-binário,Júnior,2024-04-21,,"R$ 4521,74",4,30,4,300,19,4,4.2,True,Ativo
